{
    "read_files": "[ SRR11412223.fastq.gz, SRR11412224.fastq.gz, SRR11412225.fastq.gz, SRR11412226.fastq.gz ]",
    "expected_format": "SR",
    "compatible_fragment_ratio": 1.0,
    "num_compatible_fragments": 21821462,
    "num_assigned_fragments": 21821462,
    "num_frags_with_concordant_consistent_mappings": 21821274,
    "num_frags_with_inconsistent_or_orphan_mappings": 420,
    "strand_mapping_bias": 0.000019246901729994015,
    "MSF": 0,
    "OSF": 0,
    "ISF": 0,
    "MSR": 0,
    "OSR": 0,
    "ISR": 0,
    "SF": 420,
    "SR": 21821274,
    "MU": 0,
    "OU": 0,
    "IU": 0,
    "U": 0
}