{
    "read_files": "[ SRR11412251.fastq.gz, SRR11412252.fastq.gz, SRR11412253.fastq.gz, SRR11412254.fastq.gz ]",
    "expected_format": "U",
    "compatible_fragment_ratio": 1.0,
    "num_compatible_fragments": 30108940,
    "num_assigned_fragments": 30108940,
    "num_frags_with_concordant_consistent_mappings": 30673315,
    "num_frags_with_inconsistent_or_orphan_mappings": 0,
    "strand_mapping_bias": 0.5014205670303324,
    "MSF": 0,
    "OSF": 0,
    "ISF": 0,
    "MSR": 0,
    "OSR": 0,
    "ISR": 0,
    "SF": 15380231,
    "SR": 15293084,
    "MU": 0,
    "OU": 0,
    "IU": 0,
    "U": 0
}