{
    "salmon_version": "1.2.0",
    "samp_type": "none",
    "opt_type": "vb",
    "quant_errors": [],
    "num_libraries": 1,
    "library_types": [
        "SR"
    ],
    "frag_dist_length": 1001,
    "seq_bias_correct": false,
    "gc_bias_correct": false,
    "num_bias_bins": 4096,
    "mapping_type": "mapping",
    "keep_duplicates": false,
    "num_valid_targets": 227063,
    "num_decoy_targets": 0,
    "num_eq_classes": 313699,
    "serialized_eq_classes": false,
    "eq_class_properties": [
        "range_factorized",
        "gzipped"
    ],
    "length_classes": [
        539,
        718,
        1197,
        2359,
        104301
    ],
    "index_seq_hash": "841e05c302e1decc927bd09868588071e9dc3cc36170c767ae9ee4a28079b616",
    "index_name_hash": "3786db5c1c6e6736eda8e5e0a4f6ed00202c67e5ace979a5ceee9ab54bb97783",
    "index_seq_hash512": "25444653408bdb7cce7213a21cdc5de87cef1201360d3c3d49b56fd721dfce0f8fc46c53978dca8e1868e280ac9b63a7d143206e44f2b22a9c1bb4fcf93a9c01",
    "index_name_hash512": "4640ee0f59340de519f59fee313e8334d9b1d0ec9bd96cc0934c4e8870b523568b2ce47c5d2266d9ef19903186e57cec566c96fcafb0d9b9a56dd7ef4f167b02",
    "index_decoy_seq_hash": "e3b0c44298fc1c149afbf4c8996fb92427ae41e4649b934ca495991b7852b855",
    "index_decoy_name_hash": "e3b0c44298fc1c149afbf4c8996fb92427ae41e4649b934ca495991b7852b855",
    "num_bootstraps": 0,
    "num_processed": 24286949,
    "num_mapped": 21821462,
    "num_decoy_fragments": 0,
    "num_dovetail_fragments": 0,
    "num_fragments_filtered_vm": 733671,
    "num_alignments_below_threshold_for_mapped_fragments_vm": 34605145,
    "percent_mapped": 89.84851081953522,
    "call": "quant",
    "start_time": "Tue Apr 21 17:34:15 2020",
    "end_time": "Tue Apr 21 17:56:50 2020"
}