{
    "read_files": "[ SRR11412243.fastq.gz, SRR11412244.fastq.gz, SRR11412245.fastq.gz, SRR11412246.fastq.gz ]",
    "expected_format": "U",
    "compatible_fragment_ratio": 1.0,
    "num_compatible_fragments": 12742857,
    "num_assigned_fragments": 12742857,
    "num_frags_with_concordant_consistent_mappings": 13012305,
    "num_frags_with_inconsistent_or_orphan_mappings": 0,
    "strand_mapping_bias": 0.5010819374430587,
    "MSF": 0,
    "OSF": 0,
    "ISF": 0,
    "MSR": 0,
    "OSR": 0,
    "ISR": 0,
    "SF": 6520231,
    "SR": 6492074,
    "MU": 0,
    "OU": 0,
    "IU": 0,
    "U": 0
}