{
    "read_files": "[ SRR11412235.fastq.gz, SRR11412236.fastq.gz, SRR11412237.fastq.gz, SRR11412238.fastq.gz ]",
    "expected_format": "SR",
    "compatible_fragment_ratio": 1.0,
    "num_compatible_fragments": 39125432,
    "num_assigned_fragments": 39125432,
    "num_frags_with_concordant_consistent_mappings": 39124954,
    "num_frags_with_inconsistent_or_orphan_mappings": 679,
    "strand_mapping_bias": 0.000017354351813298459,
    "MSF": 0,
    "OSF": 0,
    "ISF": 0,
    "MSR": 0,
    "OSR": 0,
    "ISR": 0,
    "SF": 679,
    "SR": 39124954,
    "MU": 0,
    "OU": 0,
    "IU": 0,
    "U": 0
}