{
    "read_files": "[ SRR11412215.fastq.gz, SRR11412216.fastq.gz, SRR11412217.fastq.gz, SRR11412218.fastq.gz ]",
    "expected_format": "SR",
    "compatible_fragment_ratio": 1.0,
    "num_compatible_fragments": 15128299,
    "num_assigned_fragments": 15128299,
    "num_frags_with_concordant_consistent_mappings": 15127822,
    "num_frags_with_inconsistent_or_orphan_mappings": 670,
    "strand_mapping_bias": 0.000044287295785991099,
    "MSF": 0,
    "OSF": 0,
    "ISF": 0,
    "MSR": 0,
    "OSR": 0,
    "ISR": 0,
    "SF": 670,
    "SR": 15127822,
    "MU": 0,
    "OU": 0,
    "IU": 0,
    "U": 0
}