{
    "read_files": "[ SRR11412219.fastq.gz, SRR11412220.fastq.gz, SRR11412221.fastq.gz, SRR11412222.fastq.gz ]",
    "expected_format": "SR",
    "compatible_fragment_ratio": 1.0,
    "num_compatible_fragments": 14030882,
    "num_assigned_fragments": 14030882,
    "num_frags_with_concordant_consistent_mappings": 14030197,
    "num_frags_with_inconsistent_or_orphan_mappings": 894,
    "strand_mapping_bias": 0.00006371564406502673,
    "MSF": 0,
    "OSF": 0,
    "ISF": 0,
    "MSR": 0,
    "OSR": 0,
    "ISR": 0,
    "SF": 894,
    "SR": 14030197,
    "MU": 0,
    "OU": 0,
    "IU": 0,
    "U": 0
}