{
    "read_files": "[ SRR11412239.fastq.gz, SRR11412240.fastq.gz, SRR11412241.fastq.gz, SRR11412242.fastq.gz ]",
    "expected_format": "U",
    "compatible_fragment_ratio": 1.0,
    "num_compatible_fragments": 23173367,
    "num_assigned_fragments": 23173367,
    "num_frags_with_concordant_consistent_mappings": 23653836,
    "num_frags_with_inconsistent_or_orphan_mappings": 0,
    "strand_mapping_bias": 0.5013383452899564,
    "MSF": 0,
    "OSF": 0,
    "ISF": 0,
    "MSR": 0,
    "OSR": 0,
    "ISR": 0,
    "SF": 11858575,
    "SR": 11795261,
    "MU": 0,
    "OU": 0,
    "IU": 0,
    "U": 0
}