{
    "read_files": "[ SRR11412247.fastq.gz, SRR11412248.fastq.gz, SRR11412249.fastq.gz, SRR11412250.fastq.gz ]",
    "expected_format": "U",
    "compatible_fragment_ratio": 1.0,
    "num_compatible_fragments": 9543138,
    "num_assigned_fragments": 9543138,
    "num_frags_with_concordant_consistent_mappings": 9740272,
    "num_frags_with_inconsistent_or_orphan_mappings": 0,
    "strand_mapping_bias": 0.49893637467208309,
    "MSF": 0,
    "OSF": 0,
    "ISF": 0,
    "MSR": 0,
    "OSR": 0,
    "ISR": 0,
    "SF": 4859776,
    "SR": 4880496,
    "MU": 0,
    "OU": 0,
    "IU": 0,
    "U": 0
}