{
    "read_files": "[ SRR11412255.fastq.gz, SRR11412256.fastq.gz, SRR11412257.fastq.gz, SRR11412258.fastq.gz ]",
    "expected_format": "U",
    "compatible_fragment_ratio": 1.0,
    "num_compatible_fragments": 24386610,
    "num_assigned_fragments": 24386610,
    "num_frags_with_concordant_consistent_mappings": 24872254,
    "num_frags_with_inconsistent_or_orphan_mappings": 0,
    "strand_mapping_bias": 0.5008065613997027,
    "MSF": 0,
    "OSF": 0,
    "ISF": 0,
    "MSR": 0,
    "OSR": 0,
    "ISR": 0,
    "SF": 12456188,
    "SR": 12416066,
    "MU": 0,
    "OU": 0,
    "IU": 0,
    "U": 0
}