{
    "read_files": "[ SRR11412227.fastq.gz, SRR11412228.fastq.gz, SRR11412229.fastq.gz, SRR11412230.fastq.gz ]",
    "expected_format": "SR",
    "compatible_fragment_ratio": 1.0,
    "num_compatible_fragments": 13432265,
    "num_assigned_fragments": 13432265,
    "num_frags_with_concordant_consistent_mappings": 13431837,
    "num_frags_with_inconsistent_or_orphan_mappings": 627,
    "strand_mapping_bias": 0.00004667795871256383,
    "MSF": 0,
    "OSF": 0,
    "ISF": 0,
    "MSR": 0,
    "OSR": 0,
    "ISR": 0,
    "SF": 627,
    "SR": 13431837,
    "MU": 0,
    "OU": 0,
    "IU": 0,
    "U": 0
}