{
    "read_files": "[ SRR11412259.fastq.gz, SRR11412260.fastq.gz, SRR11412261.fastq.gz, SRR11412262.fastq.gz ]",
    "expected_format": "U",
    "compatible_fragment_ratio": 1.0,
    "num_compatible_fragments": 17803641,
    "num_assigned_fragments": 17803641,
    "num_frags_with_concordant_consistent_mappings": 18157845,
    "num_frags_with_inconsistent_or_orphan_mappings": 0,
    "strand_mapping_bias": 0.5019716822122889,
    "MSF": 0,
    "OSF": 0,
    "ISF": 0,
    "MSR": 0,
    "OSR": 0,
    "ISR": 0,
    "SF": 9114724,
    "SR": 9043121,
    "MU": 0,
    "OU": 0,
    "IU": 0,
    "U": 0
}