{
    "read_files": "[ SRR11412231.fastq.gz, SRR11412232.fastq.gz, SRR11412233.fastq.gz, SRR11412234.fastq.gz ]",
    "expected_format": "SR",
    "compatible_fragment_ratio": 1.0,
    "num_compatible_fragments": 13478481,
    "num_assigned_fragments": 13478481,
    "num_frags_with_concordant_consistent_mappings": 13478022,
    "num_frags_with_inconsistent_or_orphan_mappings": 660,
    "strand_mapping_bias": 0.000048966211978292837,
    "MSF": 0,
    "OSF": 0,
    "ISF": 0,
    "MSR": 0,
    "OSR": 0,
    "ISR": 0,
    "SF": 660,
    "SR": 13478022,
    "MU": 0,
    "OU": 0,
    "IU": 0,
    "U": 0
}